page_id,wikidot_id,slug,status,claimed_total,fetched_total,checksum_expected,checksum_actual,checksum_ok,error,scanned_at
2022,46494468,bbztt-s-personnel-file,failed,5,,5,,f,"HttpStatusError: HTTP 503 for https://scp-wiki-cn.wikidot.com/ajax-module-connector.php :: <html><body> <div style=""text-align: center""> <h1>Wikidot is temporarily unavailable (503)</h1> <p>Sorry, for some reason our servers cannot display the page you are requesting.</p> <p>If the problem",2026-07-28 18:46:32.647951+08
4039,1331404297,erhuanmimeng,failed,27,,23,,f,WhoRated 同一身份 wikidot:6685812 同时出现 +/−，无法决定当前态,2026-07-28 18:49:40.685649+08
4121,1308442052,ex-aid,failed,53,,47,,f,WhoRated 同一身份 wikidot:6343343 同时出现 +/−，无法决定当前态,2026-07-28 18:49:46.038383+08
7119,1312315311,gongkuanlvxing,failed,30,,20,,f,WhoRated 同一身份 wikidot:6351300 同时出现 +/−，无法决定当前态,2026-07-28 18:53:48.780953+08
7973,47084607,innerwish,failed,24,,20,,f,WhoRated 同一身份 wikidot:3292243 同时出现 +/−，无法决定当前态,2026-07-28 18:54:58.43184+08
9124,1307045568,log-of-anomalous-items-cn:00570,failed,31,,29,,f,WhoRated 同一身份 wikidot:6940667 同时出现 +/−，无法决定当前态,2026-07-28 18:56:36.339671+08
10637,1437429264,nareum-tarot-01-magician,failed,5,,3,,f,WhoRated 同一身份 wikidot:8267758 同时出现 +/−，无法决定当前态,2026-07-28 18:59:54.636562+08
16053,694906379,scp-2756,failed,4,,2,,f,WhoRated 同一身份 wikidot:5228319 同时出现 +/−，无法决定当前态,2026-07-28 19:07:57.55887+08
18087,835224688,scp-4710,failed,18,,14,,f,WhoRated 同一身份 deleted:6441099 同时出现 +/−，无法决定当前态,2026-07-28 19:10:52.089774+08
21931,1305725646,scp-cn-1369,failed,81,,49,,f,WhoRated 同一身份 deleted:5651123 同时出现 +/−，无法决定当前态,2026-07-28 19:18:30.704385+08
22239,66804409,scp-cn-164,failed,64,,26,,f,WhoRated 同一身份 wikidot:3694873 同时出现 +/−，无法决定当前态,2026-07-28 19:19:00.790604+08
22322,1329430891,scp-cn-1711,failed,46,,32,,f,WhoRated 同一身份 wikidot:3978938 同时出现 +/−，无法决定当前态,2026-07-28 19:19:12.224865+08
27136,1311985602,tachibana-yuuki-s-personnel-file,failed,43,,39,,f,WhoRated 同一身份 wikidot:7275798 同时出现 +/−，无法决定当前态,2026-07-28 19:27:09.84739+08
27280,1306014513,that-is-too-easy,failed,30,,16,,f,WhoRated 同一身份 wikidot:4485997 同时出现 +/−，无法决定当前态,2026-07-28 19:27:19.818912+08
29151,1449953947,wanderers:ancient-wooden-case,failed,21,,11,,f,WhoRated 同一身份 wikidot:8742522 同时出现 +/−，无法决定当前态,2026-07-28 19:29:54.570796+08
31624,1305049697,concerto,failed,214,,144,,f,WhoRated 同一身份 wikidot:7772730 同时出现 +/−，无法决定当前态,2026-07-28 19:35:11.606547+08
31688,1331024622,embracechaos,failed,111,,95,,f,WhoRated 同一身份 wikidot:4142571 同时出现 +/−，无法决定当前态,2026-07-28 19:35:21.092534+08
31862,1449056115,i-ll-never-be-apart-from-you,failed,360,,300,,f,WhoRated 同一身份 wikidot:10148329 同时出现 +/−，无法决定当前态,2026-07-28 19:35:56.372379+08
31901,1420829355,kawaii-o5-3,failed,2066,,1810,,f,WhoRated 同一身份 wikidot:9701672 同时出现 +/−，无法决定当前态,2026-07-28 19:35:58.002043+08
32099,53273436,phage-s-personnel-file,failed,62,,60,,f,WhoRated 同一身份 wikidot:7275798 同时出现 +/−，无法决定当前态,2026-07-28 19:36:36.825174+08
32479,381175085,scp-cn-1995,failed,128,,60,,f,WhoRated 同一身份 wikidot:5379370 同时出现 +/−，无法决定当前态,2026-07-28 19:38:04.609105+08
32589,1331831089,scp-cn-2801,failed,3239,,3143,,f,WhoRated 同一身份 wikidot:6422109 同时出现 +/−，无法决定当前态,2026-07-28 19:38:29.845824+08
32608,72813706,scp-cn-296,failed,904,,750,,f,WhoRated 同一身份 wikidot:6453919 同时出现 +/−，无法决定当前态,2026-07-28 19:38:30.502898+08
32752,43928124,scp-cn-586,failed,334,,328,,f,WhoRated 同一身份 wikidot:3657876 同时出现 +/−，无法决定当前态,2026-07-28 19:39:09.075153+08
101328,1467208212,scp-cn-4999,failed,1191,,1103,,f,WhoRated 同一身份 wikidot:4921516 同时出现 +/−，无法决定当前态,2026-07-28 19:42:33.571088+08
104742,1468595219,wanderers:fog,failed,49,,17,,f,WhoRated 同一身份 wikidot:9915035 同时出现 +/−，无法决定当前态,2026-07-28 19:46:00.990877+08
105063,1468671428,log-of-anomalous-items-cn:01846,failed,13,,11,,f,WhoRated 同一身份 wikidot:6256177 同时出现 +/−，无法决定当前态,2026-07-28 19:46:19.826502+08
338,534817563,cliche-con-2019,partial,4,3,4,3,f,is_complete=false,2026-07-28 18:43:59.99963+08
379,1459088215,cn40kdrweddell,partial,36,35,32,31,f,is_complete=false,2026-07-28 18:44:04.746102+08
435,52657475,10th-noodle,partial,36,35,18,17,f,is_complete=false,2026-07-28 18:44:09.538416+08
542,45075672,2016summer-ggpincus,partial,17,16,11,10,f,is_complete=false,2026-07-28 18:44:20.034813+08
652,1174013730,4-50-from-paddington,partial,23,22,15,14,f,is_complete=false,2026-07-28 18:44:31.18154+08
734,1454109677,aacer,partial,99,98,91,92,f,is_complete=false,2026-07-28 18:44:41.855417+08
769,1459756027,aboutwenquancheng,partial,27,26,25,24,f,is_complete=false,2026-07-28 18:44:42.269774+08
793,1460073632,ac12txzn,partial,56,55,54,53,f,is_complete=false,2026-07-28 18:44:46.214359+08
965,54740538,ai-qing-zi-bei-yu-cheng-nuo,partial,45,44,23,22,f,is_complete=false,2026-07-28 18:45:00.730528+08
1035,1445512538,allen3723-s-personnel-file,partial,17,16,17,16,f,is_complete=false,2026-07-28 18:45:06.18239+08
1166,1331357314,ambrose-youxia,partial,108,107,104,103,f,is_complete=false,2026-07-28 18:45:17.721603+08
1286,999820961,anne-blyrn,partial,60,59,50,49,f,is_complete=false,2026-07-28 18:45:31.559451+08
1291,1324415703,an-normal-mission,partial,74,73,66,65,f,is_complete=false,2026-07-28 18:45:31.656259+08
1460,1449921132,ared-hub,partial,94,93,94,93,f,is_complete=false,2026-07-28 18:45:46.415662+08
1793,47237100,a-site-19-christmas-carol,partial,23,22,23,22,f,is_complete=false,2026-07-28 18:46:09.755415+08
1840,1305377617,a-story-from-the-past,partial,90,91,86,87,f,去重后条数 91 ≠ claimed_total 90,2026-07-28 18:46:14.754669+08
1862,94375601,a-tale-of-the-black-king,partial,78,77,78,77,f,is_complete=false,2026-07-28 18:46:15.491418+08
2336,397126915,busuzhike,partial,13,12,11,10,f,is_complete=false,2026-07-28 18:47:05.070942+08
2370,1456499570,calculateloneliness,partial,37,36,15,14,f,is_complete=false,2026-07-28 18:47:05.833491+08
2417,1446222777,carl-ryzen,partial,35,33,33,31,f,is_complete=false,2026-07-28 18:47:11.054531+08
2490,1165196571,chao,partial,34,33,26,25,f,is_complete=false,2026-07-28 18:47:20.408384+08
2551,1312361302,children-study,partial,83,82,69,68,f,is_complete=false,2026-07-28 18:47:26.183232+08
2564,102492138,chinese-valentine-s-day,partial,64,63,62,61,f,is_complete=false,2026-07-28 18:47:26.355285+08
2593,1460068784,chubbybunny,partial,13,12,13,12,f,is_complete=false,2026-07-28 18:47:31.270588+08
2599,397117512,chu-silk-manuscript,partial,95,94,91,90,f,is_complete=false,2026-07-28 18:47:31.459904+08
2669,1307002075,coloredbucket,partial,66,65,48,47,f,is_complete=false,2026-07-28 18:47:36.956378+08
2921,1331391642,component:wechat,partial,110,109,106,105,f,is_complete=false,2026-07-28 18:47:57.242628+08
2976,92246946,conservation-of-wtf,partial,15,14,15,14,f,is_complete=false,2026-07-28 18:48:02.520295+08
3239,649766167,dark-side-hub,partial,4,3,4,3,f,is_complete=false,2026-07-28 18:48:27.105292+08
3346,802318716,deep-six-event,partial,71,70,63,62,f,is_complete=false,2026-07-28 18:48:37.052399+08
3403,551071300,deleted:scp-cn-1375,partial,33,32,11,10,f,is_complete=false,2026-07-28 18:48:41.379863+08
3413,1267788852,deleted:scp-cn-1464,partial,37,36,7,8,f,is_complete=false,2026-07-28 18:48:41.413031+08
3649,998611125,doomsday-tales,partial,74,73,72,71,f,is_complete=false,2026-07-28 18:49:02.416354+08
3900,985906405,eat-if-necessary,partial,45,44,45,44,f,is_complete=false,2026-07-28 18:49:25.863114+08
3959,32319366,eldritch-application,partial,48,49,48,49,f,去重后条数 49 ≠ claimed_total 48,2026-07-28 18:49:31.277938+08
3996,74660597,endin,partial,94,93,88,87,f,is_complete=false,2026-07-28 18:49:35.873042+08
4001,915376984,endless-journey,partial,36,35,34,33,f,is_complete=false,2026-07-28 18:49:35.912238+08
4023,1306644108,endro-reversi,partial,103,102,99,98,f,is_complete=false,2026-07-28 18:49:36.435692+08
4134,1420805592,exclusion-principle-iii,partial,18,17,18,17,f,is_complete=false,2026-07-28 18:49:46.276477+08
4178,32089780,experiment-log-447-a,partial,50,51,50,51,f,去重后条数 51 ≠ claimed_total 50,2026-07-28 18:49:50.808657+08
4714,94435575,fragment:chaos-insurgency,partial,18,17,8,9,f,is_complete=false,2026-07-28 18:50:35.709301+08
6920,1324311781,g-d-0191,partial,69,68,67,66,f,is_complete=false,2026-07-28 18:53:29.968056+08
7157,1429126017,gp-phy-2877341,partial,43,42,37,36,f,is_complete=false,2026-07-28 18:53:52.983079+08
7193,1459773265,grass-writer,partial,46,45,46,45,f,is_complete=false,2026-07-28 18:53:53.639573+08
7244,1420396213,gsk-killready,partial,44,43,42,41,f,is_complete=false,2026-07-28 18:53:58.301017+08
7366,846687669,hard-to-name-0719,partial,47,46,45,44,f,is_complete=false,2026-07-28 18:54:08.35486+08
7472,65317296,helloworld,partial,32,31,26,25,f,is_complete=false,2026-07-28 18:54:17.78629+08
7502,1305924205,hero-no-jihyou,partial,5,4,5,4,f,is_complete=false,2026-07-28 18:54:21.86925+08
7668,1445879771,howtosaveyourself,partial,31,30,21,20,f,is_complete=false,2026-07-28 18:54:36.051741+08
7758,1459756905,i-am-shoca-vegetable-bird,partial,83,82,65,64,f,is_complete=false,2026-07-28 18:54:41.490904+08
7806,56736691,iferys-thirty-years-war,partial,54,53,50,49,f,is_complete=false,2026-07-28 18:54:45.661144+08
7995,33693702,in-symphony,partial,13,12,13,12,f,is_complete=false,2026-07-28 18:55:02.086396+08
8191,1420828556,i-wanna-track,partial,50,49,32,31,f,is_complete=false,2026-07-28 18:55:16.607532+08
8274,56217389,jixing,partial,39,38,37,36,f,is_complete=false,2026-07-28 18:55:24.809812+08
8378,46486555,karldark-s-personnel-file,partial,21,20,21,20,f,is_complete=false,2026-07-28 18:55:33.569921+08
8388,1458485398,k-class-list-cn,partial,116,115,114,113,f,is_complete=false,2026-07-28 18:55:33.647447+08
8429,1002300026,kindom-coming,partial,54,53,54,53,f,is_complete=false,2026-07-28 18:55:34.047529+08
8526,54791417,l,partial,16,15,16,15,f,is_complete=false,2026-07-28 18:55:42.787673+08
8602,72733595,leaves-return-to-roots,partial,25,24,25,24,f,is_complete=false,2026-07-28 18:55:47.584463+08
8681,1459916750,level-c-1976,partial,63,62,63,62,f,is_complete=false,2026-07-28 18:55:56.008566+08
8686,1445508953,l-homme-et-son-esclave,partial,5,4,5,4,f,is_complete=false,2026-07-28 18:55:56.064599+08
8756,1447429021,list-of-missing-books,partial,82,81,76,75,f,is_complete=false,2026-07-28 18:56:00.699479+08
8761,637430837,listpages-magic-and-you,partial,67,66,67,66,f,is_complete=false,2026-07-28 18:56:00.766688+08
8846,1024185479,log-of-anomalous-items-cn:00028,partial,46,45,20,19,f,is_complete=false,2026-07-28 18:56:10.016112+08
8852,1024245137,log-of-anomalous-items-cn:00044,partial,75,74,67,66,f,is_complete=false,2026-07-28 18:56:10.033755+08
8956,1148406414,log-of-anomalous-items-cn:00255,partial,20,19,18,17,f,is_complete=false,2026-07-28 18:56:17.631809+08
8979,1174011407,log-of-anomalous-items-cn:00308,partial,69,68,49,48,f,is_complete=false,2026-07-28 18:56:17.727237+08
9006,1260807872,log-of-anomalous-items-cn:00360,partial,91,90,83,82,f,is_complete=false,2026-07-28 18:56:21.44965+08
9063,1305612988,log-of-anomalous-items-cn:00452,partial,80,79,66,65,f,is_complete=false,2026-07-28 18:56:25.161102+08
9106,1306814881,log-of-anomalous-items-cn:00544,partial,60,58,52,52,t,is_complete=false,2026-07-28 18:56:34.401102+08
9151,1310939163,log-of-anomalous-items-cn:00611,partial,10,9,10,9,f,is_complete=false,2026-07-28 18:56:48.50493+08
9194,1312362656,log-of-anomalous-items-cn:00678,partial,32,31,30,29,f,is_complete=false,2026-07-28 18:57:13.340772+08
9232,1324086084,log-of-anomalous-items-cn:00723,partial,28,27,26,25,f,is_complete=false,2026-07-28 18:57:21.211823+08
9500,1420381585,log-of-anomalous-items-cn:01087,partial,5,4,3,2,f,is_complete=false,2026-07-28 18:58:14.591427+08
9515,1420473266,log-of-anomalous-items-cn:01108,partial,29,28,29,28,f,is_complete=false,2026-07-28 18:58:14.658187+08
9530,1424783251,log-of-anomalous-items-cn:01127,partial,7,6,5,4,f,is_complete=false,2026-07-28 18:58:14.734381+08
9677,1445454231,log-of-anomalous-items-cn:01334,partial,8,7,4,3,f,is_complete=false,2026-07-28 18:58:26.754583+08
9797,1451198003,log-of-anomalous-items-cn:01501,partial,21,20,17,16,f,is_complete=false,2026-07-28 18:58:38.714009+08
10124,1458421684,m13-diapason,partial,15,14,13,12,f,is_complete=false,2026-07-28 18:59:08.846934+08
10172,55390512,malocs,partial,41,40,11,10,f,is_complete=false,2026-07-28 18:59:10.007406+08
10254,999281528,mcde-bio-h-v-t5512348,partial,35,34,33,32,f,is_complete=false,2026-07-28 18:59:19.633965+08
10402,1128756554,miracle-sing-time,partial,83,82,81,80,f,is_complete=false,2026-07-28 18:59:35.35609+08
10470,54328934,montauk-hesitation,partial,69,68,61,60,f,is_complete=false,2026-07-28 18:59:40.28289+08
10538,1444617188,mr-mario,partial,52,51,44,43,f,is_complete=false,2026-07-28 18:59:45.181461+08
10573,859039257,murder-in-site-cn-91,partial,32,31,32,31,f,is_complete=false,2026-07-28 18:59:49.4248+08
10872,918701903,no-gugu,partial,48,47,42,41,f,is_complete=false,2026-07-28 19:00:15.670812+08
10896,93788125,noology,partial,43,42,35,34,f,is_complete=false,2026-07-28 19:00:16.143394+08
11053,71669210,of-dragons-and-serpents,partial,39,38,39,38,f,is_complete=false,2026-07-28 19:00:31.7488+08
11056,73752321,off-the-record,partial,34,33,30,29,f,is_complete=false,2026-07-28 19:00:31.764501+08
11133,51019351,old:continued-deliberations,partial,2,1,2,1,f,is_complete=false,2026-07-28 19:00:40.506614+08
11168,629318016,old:goc-are-gunfuckers,partial,37,36,29,28,f,is_complete=false,2026-07-28 19:00:40.972487+08
11668,1448435037,one-hundred-pumpkins-of-solitude,partial,90,89,86,85,f,is_complete=false,2026-07-28 19:01:24.999093+08
11690,1129662275,only-milk,partial,57,56,45,44,f,is_complete=false,2026-07-28 19:01:29.655174+08
12007,1453400496,pez1,partial,64,63,52,51,f,is_complete=false,2026-07-28 19:01:58.885252+08
12083,22882420,playing-god,partial,20,19,20,19,f,is_complete=false,2026-07-28 19:02:08.086192+08
12257,1458646742,project-proposal-2025-003,partial,39,38,39,38,f,is_complete=false,2026-07-28 19:02:22.919881+08
12331,1455879634,puppy,partial,49,48,45,44,f,is_complete=false,2026-07-28 19:02:28.02222+08
12442,674797500,ratemod:sentimentbar-credit:start,partial,28,27,26,25,f,is_complete=false,2026-07-28 19:02:41.890658+08
12557,1024216363,remember-the-pain,partial,54,53,52,51,f,is_complete=false,2026-07-28 19:02:51.698456+08
12717,1330034709,rounderhouse-gold-proposal,partial,41,40,41,40,f,is_complete=false,2026-07-28 19:03:07.187062+08
12788,1452339284,sanshi,partial,53,52,21,22,f,is_complete=false,2026-07-28 19:03:12.373332+08
12888,31790744,scp-001-j,partial,70,69,62,61,f,is_complete=false,2026-07-28 19:03:21.854619+08
12927,26512003,scp-004,partial,91,90,83,82,f,is_complete=false,2026-07-28 19:03:22.436087+08
12993,27858974,scp-012,partial,90,89,84,83,f,is_complete=false,2026-07-28 19:03:30.707877+08
13022,27859169,scp-016,partial,51,52,51,52,f,去重后条数 52 ≠ claimed_total 51,2026-07-28 19:03:30.978762+08
13256,1312508479,theme:monotypical,partial,50,49,50,49,f,is_complete=false,2026-07-28 19:03:52.596942+08
13274,29078374,scp-076-2,partial,72,71,70,69,f,is_complete=false,2026-07-28 19:03:52.728356+08
13453,47890082,scp-1033,partial,23,22,23,22,f,is_complete=false,2026-07-28 19:04:06.798128+08
14637,35446602,scp-1764,partial,5,6,5,6,f,去重后条数 6 ≠ claimed_total 5,2026-07-28 19:05:52.392016+08
14647,52773225,scp-1771,partial,1,2,1,2,f,去重后条数 2 ≠ claimed_total 1,2026-07-28 19:05:52.554961+08
14648,500555349,scp-1772,partial,5,6,5,6,f,去重后条数 6 ≠ claimed_total 5,2026-07-28 19:05:52.568468+08
14651,57031282,scp-1775,partial,4,5,4,5,f,去重后条数 5 ≠ claimed_total 4,2026-07-28 19:05:52.607155+08
14921,1165140784,scp-194,partial,18,17,14,13,f,is_complete=false,2026-07-28 19:06:19.37176+08
14947,31687409,scp-1958,partial,12,11,10,9,f,is_complete=false,2026-07-28 19:06:19.683983+08
16408,50710119,scp-3035,partial,74,73,74,73,f,is_complete=false,2026-07-28 19:08:28.980361+08
17406,91157509,scp-4004,partial,24,23,22,21,f,is_complete=false,2026-07-28 19:09:53.179832+08
19079,1413925504,scp-5815,partial,5,4,5,4,f,is_complete=false,2026-07-28 19:12:19.070608+08
19657,1316745342,scp-6555,partial,8,9,8,9,f,去重后条数 9 ≠ claimed_total 8,2026-07-28 19:14:42.520573+08
19714,1453321265,scp-cn-3150,partial,65,64,7,6,f,is_complete=false,2026-07-28 19:14:51.452168+08
20040,1445408138,scp-7061,partial,13,12,5,6,f,is_complete=false,2026-07-28 19:15:23.554646+08
20609,1453160867,scp-8000-ex,partial,19,18,13,12,f,is_complete=false,2026-07-28 19:16:19.401904+08
20620,1452653852,scp-8008,partial,48,47,-14,-13,f,is_complete=false,2026-07-28 19:16:19.922049+08
20622,1453330851,scp-8009,partial,13,14,13,14,f,去重后条数 14 ≠ claimed_total 13,2026-07-28 19:16:20.046807+08
20758,31767061,scp-823,partial,21,22,21,22,f,去重后条数 22 ≠ claimed_total 21,2026-07-28 19:16:36.0625+08
20895,1459717397,scp-cn-3741,partial,58,57,38,37,f,is_complete=false,2026-07-28 19:16:50.777404+08
21309,1022118593,scp-cc-by-sa-3-0-co,partial,21,20,21,20,f,is_complete=false,2026-07-28 19:17:32.481668+08
21346,47302131,scp-cn-012,partial,114,113,96,95,f,is_complete=false,2026-07-28 19:17:32.6784+08
21416,51299371,scp-cn-062,partial,43,42,27,26,f,is_complete=false,2026-07-28 19:17:38.195031+08
21505,311430120,scp-cn-1031,partial,97,96,43,42,f,is_complete=false,2026-07-28 19:17:44.068357+08
21538,835224195,scp-cn-1052,partial,39,38,35,34,f,is_complete=false,2026-07-28 19:17:49.244909+08
21616,801779635,scp-cn-1115,partial,59,57,41,41,t,is_complete=false,2026-07-28 19:17:55.372678+08
21687,1306158064,scp-cn-1172,partial,46,45,32,31,f,is_complete=false,2026-07-28 19:18:01.964355+08
21794,963102922,scp-cn-1251,partial,38,37,30,29,f,is_complete=false,2026-07-28 19:18:13.611405+08
21846,1420140890,scp-cn-1296,partial,62,61,60,59,f,is_complete=false,2026-07-28 19:18:19.603922+08
21847,1447575072,scp-cn-129600-ex,partial,35,34,19,18,f,is_complete=false,2026-07-28 19:18:19.620587+08
21848,1260745405,scp-cn-1297,partial,77,76,39,38,f,is_complete=false,2026-07-28 19:18:19.622308+08
21871,1403286896,scp-cn-1318,partial,67,66,47,46,f,is_complete=false,2026-07-28 19:18:20.048716+08
21902,986071854,scp-cn-1344,partial,90,89,78,77,f,is_complete=false,2026-07-28 19:18:25.654154+08
22013,858393468,scp-cn-1441,partial,38,37,34,33,f,is_complete=false,2026-07-28 19:18:37.586338+08
22274,64935611,scp-cn-167,partial,79,78,71,70,f,is_complete=false,2026-07-28 19:19:06.492771+08
22296,1420737852,scp-cn-1688,partial,32,31,26,25,f,is_complete=false,2026-07-28 19:19:07.099832+08
22312,1026209909,scp-cn-1702,partial,63,62,51,50,f,is_complete=false,2026-07-28 19:19:07.584414+08
22315,853024161,scp-cn-1705,partial,48,47,46,45,f,is_complete=false,2026-07-28 19:19:12.072549+08
22544,638901085,scp-cn-1906,partial,96,95,84,83,f,is_complete=false,2026-07-28 19:19:34.456881+08
22635,537382898,scp-cn-1984,partial,76,75,56,55,f,is_complete=false,2026-07-28 19:19:41.43739+08
22708,1329660873,scp-cn-2043,partial,74,73,56,55,f,is_complete=false,2026-07-28 19:19:47.133361+08
22720,1316872548,scp-cn-2055,partial,45,44,45,44,f,is_complete=false,2026-07-28 19:19:47.401178+08
22725,67396967,scp-cn-206,partial,107,106,97,96,f,is_complete=false,2026-07-28 19:19:47.509954+08
22913,1310969119,scp-cn-2255,partial,99,98,95,94,f,is_complete=false,2026-07-28 19:20:09.786382+08
22915,1331502750,scp-cn-2229,partial,30,29,30,29,f,is_complete=false,2026-07-28 19:20:09.786428+08
23015,1457175042,scp-cn-2322,partial,60,59,58,57,f,is_complete=false,2026-07-28 19:20:16.889008+08
23037,1330862393,scp-cn-2343,partial,65,64,49,48,f,is_complete=false,2026-07-28 19:20:21.918327+08
23060,1453134165,scp-cn-2364,partial,62,61,46,47,f,is_complete=false,2026-07-28 19:20:22.353639+08
23070,1437618243,scp-cn-2374,partial,110,108,90,88,f,is_complete=false,2026-07-28 19:20:22.531042+08
23097,1312429031,scp-cn-2398,partial,38,37,24,23,f,is_complete=false,2026-07-28 19:20:27.711823+08
23104,1311006874,scp-cn-2404,partial,47,46,31,30,f,is_complete=false,2026-07-28 19:20:27.847211+08
23114,1311592371,scp-cn-2413,partial,65,64,19,20,f,is_complete=false,2026-07-28 19:20:28.090032+08
23246,1446484570,scp-cn-2530,partial,84,82,64,64,t,is_complete=false,2026-07-28 19:20:39.587446+08
23298,65899059,scp-cn-258,partial,29,28,27,26,f,is_complete=false,2026-07-28 19:20:45.817895+08
23319,1306915110,scp-cn-2599,partial,97,96,79,78,f,is_complete=false,2026-07-28 19:20:50.961245+08
23429,1324288451,scp-cn-2701,partial,47,46,43,42,f,is_complete=false,2026-07-28 19:21:04.73423+08
23480,1402287962,scp-cn-2749,partial,58,57,44,43,f,is_complete=false,2026-07-28 19:21:10.404759+08
23513,1422587758,scp-cn-2779,partial,33,32,27,26,f,is_complete=false,2026-07-28 19:21:11.41341+08
23627,1307247754,scp-cn-2880,partial,105,104,101,100,f,is_complete=false,2026-07-28 19:21:24.475222+08
23672,1441677301,scp-cn-2921,partial,100,99,92,91,f,is_complete=false,2026-07-28 19:21:30.41503+08
23750,1331014733,scp-cn-2991,partial,46,45,34,33,f,is_complete=false,2026-07-28 19:21:37.438098+08
23889,1452028720,scp-cn-3105,partial,64,63,24,23,f,is_complete=false,2026-07-28 19:21:54.494666+08
24101,1456956898,scp-cn-3311,partial,94,93,76,77,f,is_complete=false,2026-07-28 19:22:13.728982+08
24165,1460028978,scp-cn-3379,partial,49,48,37,36,f,is_complete=false,2026-07-28 19:22:20.022228+08
24394,51752428,scp-cn-364,partial,24,23,18,17,f,is_complete=false,2026-07-28 19:22:43.189216+08
24419,1452579834,scp-cn-3666,partial,45,44,31,30,f,is_complete=false,2026-07-28 19:22:48.621957+08
24448,1452580410,scp-cn-3702,partial,51,50,43,42,f,is_complete=false,2026-07-28 19:22:49.361574+08
24489,1459734473,scp-cn-3746,partial,104,103,94,93,f,is_complete=false,2026-07-28 19:22:55.400567+08
24495,1460067364,scp-cn-3753,partial,34,33,22,21,f,is_complete=false,2026-07-28 19:22:55.486836+08
24568,1459979357,scp-cn-3835,partial,29,28,27,26,f,is_complete=false,2026-07-28 19:23:06.355136+08
24591,1459966714,scp-cn-3868,partial,79,78,79,78,f,is_complete=false,2026-07-28 19:23:06.919879+08
24599,1459904033,scp-cn-3876,partial,121,120,105,104,f,is_complete=false,2026-07-28 19:23:07.09132+08
24626,1453238468,scp-cn-3903,partial,65,64,63,62,f,is_complete=false,2026-07-28 19:23:12.381371+08
24840,95421402,scp-cn-498,partial,33,32,27,26,f,is_complete=false,2026-07-28 19:24:00.198629+08
24903,107496416,scp-cn-549,partial,39,38,33,32,f,is_complete=false,2026-07-28 19:24:05.458089+08
24952,107689358,scp-cn-589,partial,54,53,46,45,f,is_complete=false,2026-07-28 19:24:10.305611+08
25069,74072876,scp-cn-689,partial,86,85,80,79,f,is_complete=false,2026-07-28 19:24:20.062174+08
25086,1448744889,scp-cn-703-j,partial,70,69,36,35,f,is_complete=false,2026-07-28 19:24:20.360882+08
25174,398502671,scp-cn-774,partial,60,59,50,49,f,is_complete=false,2026-07-28 19:24:29.555346+08
25337,75310332,scp-cn-919,partial,34,33,30,29,f,is_complete=false,2026-07-28 19:24:44.078258+08
25362,91135987,scp-cn-942,partial,48,47,28,29,f,is_complete=false,2026-07-28 19:24:44.62867+08
25384,81432393,scp-cn-959,partial,50,49,46,45,f,is_complete=false,2026-07-28 19:24:48.806759+08
25440,1401958970,scp-cn-x143-0,partial,92,89,84,81,f,is_complete=false,2026-07-28 19:24:53.159041+08
25982,1453232884,semimonth-202403-02,partial,47,46,47,46,f,is_complete=false,2026-07-28 19:25:40.706129+08
25983,1447962554,seven-steps-from-the-sun,partial,73,72,71,70,f,is_complete=false,2026-07-28 19:25:40.706166+08
26048,1445453492,sex-hamburger,partial,89,88,51,52,f,is_complete=false,2026-07-28 19:25:46.923786+08
26129,65472396,shi-shui-de-feng-sha,partial,18,17,18,17,f,is_complete=false,2026-07-28 19:25:52.38696+08
26160,1135522254,short-stories:00013,partial,91,90,85,84,f,is_complete=false,2026-07-28 19:25:56.237626+08
26535,1445802909,singularity,partial,30,29,30,29,f,is_complete=false,2026-07-28 19:26:21.168145+08
26556,1413621697,site-514,partial,101,100,89,88,f,is_complete=false,2026-07-28 19:26:21.915096+08
26727,986335933,somewhere-i-have-never-traveled,partial,60,59,48,47,f,is_complete=false,2026-07-28 19:26:35.385052+08
26817,1165225776,spc-cn-665,partial,38,37,34,33,f,is_complete=false,2026-07-28 19:26:43.184157+08
26967,57640145,stream-980,partial,22,21,20,19,f,is_complete=false,2026-07-28 19:26:56.315205+08
27013,1312535601,summer-contest-2021,partial,58,57,54,53,f,is_complete=false,2026-07-28 19:26:57.190895+08
27014,1420759587,summer-contest-2022,partial,60,59,60,59,f,is_complete=false,2026-07-28 19:27:00.705942+08
27053,806915912,super-hot,partial,15,14,13,12,f,is_complete=false,2026-07-28 19:27:01.25183+08
27231,47235212,tell-you-tales,partial,78,77,76,75,f,is_complete=false,2026-07-28 19:27:15.057715+08
27370,1308610057,the-book-of-gnosis-repairers-vol-of-psalms-part-1,partial,53,52,49,48,f,is_complete=false,2026-07-28 19:27:28.940668+08
27408,47542866,the-coldest-war-hub,partial,29,28,27,26,f,is_complete=false,2026-07-28 19:27:33.081004+08
27589,666430722,the-iron-wolf,partial,12,11,12,11,f,is_complete=false,2026-07-28 19:27:48.414845+08
27728,1435766869,theme:aero-glass,partial,89,88,89,88,f,is_complete=false,2026-07-28 19:28:01.169749+08
27751,1307196626,theme:blankstyle,partial,13,12,13,12,f,is_complete=false,2026-07-28 19:28:01.304299+08
27756,1310955415,theme:calamity,partial,8,7,8,7,f,is_complete=false,2026-07-28 19:28:01.312486+08
27908,1420475311,theme:paradigm-inapplicable-sigma,partial,37,36,37,36,f,is_complete=false,2026-07-28 19:28:12.376655+08
27982,1335747470,theme:steam-guide,partial,99,98,99,98,f,is_complete=false,2026-07-28 19:28:19.703657+08
28075,802283032,the-old-gospel-of-fuxi-that-wuyou,partial,77,76,77,76,f,is_complete=false,2026-07-28 19:28:24.143135+08
28143,1260827182,the-real-adventures-in-capitalism,partial,34,33,34,33,f,is_complete=false,2026-07-28 19:28:32.775909+08
28199,518463798,the-sea-of-necromancy-i,partial,30,29,30,29,f,is_complete=false,2026-07-28 19:28:37.201142+08
28240,912575279,the-song-of-alagadda,partial,56,55,30,29,f,is_complete=false,2026-07-28 19:28:38.262438+08
28377,51934023,the-young-man,partial,63,62,63,62,f,is_complete=false,2026-07-28 19:28:51.137236+08
28539,49734801,to-new-world,partial,31,30,27,26,f,is_complete=false,2026-07-28 19:29:04.150486+08
28670,65512303,turbulence-1,partial,54,53,52,51,f,is_complete=false,2026-07-28 19:29:13.367056+08
28671,333068553,turbulence-10,partial,33,32,31,30,f,is_complete=false,2026-07-28 19:29:13.375443+08
28674,66124729,turbulence-2,partial,41,40,39,38,f,is_complete=false,2026-07-28 19:29:13.404004+08
28821,1458438877,unusual-incidents-unit-hub,partial,19,18,19,18,f,is_complete=false,2026-07-28 19:29:26.556871+08
28933,1306900110,vodkawells,partial,97,96,43,42,f,is_complete=false,2026-07-28 19:29:34.776816+08
29150,1460007632,wanderers:anchoring,partial,16,15,16,15,f,is_complete=false,2026-07-28 19:29:54.570914+08
29171,1436223057,wanderers:ao-sora,partial,89,88,79,78,f,is_complete=false,2026-07-28 19:29:54.909098+08
29183,1403074910,wanderers:a-rising-wave,partial,4,3,4,3,f,is_complete=false,2026-07-28 19:29:55.279306+08
29268,1446729086,wanderers:buhuixiewen,partial,47,46,31,32,f,is_complete=false,2026-07-28 19:30:02.99817+08
29288,1331447863,wanderers:catch-wind,partial,38,37,32,31,f,is_complete=false,2026-07-28 19:30:03.277038+08
29429,912229461,wanderers:dying-world,partial,62,60,62,60,f,is_complete=false,2026-07-28 19:30:15.070419+08
29487,598132808,wanderers:fall-into-the-abyss,partial,53,52,51,50,f,is_complete=false,2026-07-28 19:30:18.98887+08
29547,835229432,wanderers:from-mariana-philharmonic-orchestra,partial,22,21,22,21,f,is_complete=false,2026-07-28 19:30:23.132855+08
29617,1156944312,wanderers:hashiqi,partial,40,39,34,33,f,is_complete=false,2026-07-28 19:30:27.29588+08
29663,1447760756,wanderers:human-eater,partial,133,132,113,112,f,is_complete=false,2026-07-28 19:30:31.090321+08
29853,1460019794,wanderers:mademoiselle-hondermare,partial,29,28,27,26,f,is_complete=false,2026-07-28 19:30:46.767179+08
29927,1455929041,wanderers:museum-and-the-stars,partial,102,101,74,73,f,is_complete=false,2026-07-28 19:30:50.921244+08
29945,999764698,wanderers:neeee,partial,33,32,27,26,f,is_complete=false,2026-07-28 19:30:54.585156+08
30101,1329653063,wanderers:rainway,partial,27,26,25,24,f,is_complete=false,2026-07-28 19:31:06.125219+08
30120,77948065,wanderers:repairment-of-east-ew-qi-420,partial,59,58,59,58,f,is_complete=false,2026-07-28 19:31:06.247562+08
30133,1437493063,wanderers:ritsu-yuu,partial,22,21,18,17,f,is_complete=false,2026-07-28 19:31:06.453125+08
30287,1323384103,wanderers:swamp,partial,22,21,22,21,f,is_complete=false,2026-07-28 19:31:18.464112+08
30331,1444618361,wanderers:the-christmas-elegy,partial,72,71,66,65,f,is_complete=false,2026-07-28 19:31:22.298802+08
30477,1151325728,wanderers:the-song8,partial,31,30,31,30,f,is_complete=false,2026-07-28 19:32:18.728486+08
30513,1339268588,wanderers:the-wandering-wanderer,partial,26,25,22,21,f,is_complete=false,2026-07-28 19:32:29.939985+08
30556,186258865,wanderers:travellers-book-end-of-the-world,partial,22,21,18,17,f,is_complete=false,2026-07-28 19:32:57.071239+08
30624,1312253388,wanderers:watch-stars-with-lives,partial,40,39,28,27,f,is_complete=false,2026-07-28 19:33:30.594494+08
30689,1086842581,wanderers:wrrrrr,partial,34,33,12,13,f,is_complete=false,2026-07-28 19:33:40.588332+08
30692,986575753,wanderers:wuti,partial,21,20,21,20,f,is_complete=false,2026-07-28 19:33:40.626641+08
30710,1065563330,wanderers:yasuharasuzu-no-tameni,partial,68,67,68,67,f,is_complete=false,2026-07-28 19:33:41.044945+08
30980,1448296597,who-is-dr-cqh,partial,64,63,54,55,f,is_complete=false,2026-07-28 19:34:04.961194+08
31014,1459990340,wikidot-module-tech,partial,118,117,118,117,f,is_complete=false,2026-07-28 19:34:08.869233+08
31030,1424781623,wimsb,partial,55,54,19,18,f,is_complete=false,2026-07-28 19:34:09.223635+08
31179,1455923365,xhh,partial,86,85,8,7,f,is_complete=false,2026-07-28 19:34:22.404657+08
31244,1459722386,yamizushi-file-no488,partial,99,100,93,94,f,去重后条数 100 ≠ claimed_total 99,2026-07-28 19:34:27.64764+08
31298,1459351713,yixue563,partial,36,35,34,33,f,is_complete=false,2026-07-28 19:34:32.67188+08
31332,94429514,you-and-she,partial,90,89,82,81,f,is_complete=false,2026-07-28 19:34:33.368487+08
31360,656516967,your-circuits-dead-theres-something-wrong,partial,55,54,51,50,f,is_complete=false,2026-07-28 19:34:37.342315+08
31450,56675203,zhengzhi,partial,42,41,42,41,f,is_complete=false,2026-07-28 19:34:45.544747+08
31539,986229691,a-report-on-evertworth,partial,84,83,78,79,f,is_complete=false,2026-07-28 19:34:54.676951+08
31565,72288505,black-hole-era,partial,246,245,246,245,f,is_complete=false,2026-07-28 19:35:01.979552+08
31574,103862417,breach,partial,592,590,548,546,f,is_complete=false,2026-07-28 19:35:02.528813+08
31599,999864069,china-history-of-daevite,partial,148,147,130,129,f,is_complete=false,2026-07-28 19:35:03.637133+08
31639,46461323,darkequation-s-proposal,partial,888,887,842,841,f,is_complete=false,2026-07-28 19:35:12.038842+08
31643,66935294,deduction-department2,partial,190,188,186,184,f,is_complete=false,2026-07-28 19:35:12.281856+08
31647,1447423450,deny-deny-deny,partial,451,449,443,441,f,is_complete=false,2026-07-28 19:35:12.41125+08
31663,1002224527,don-quijote,partial,680,680,666,666,t,is_complete=false,2026-07-28 19:35:20.03774+08
31665,46488537,doom,partial,400,399,384,383,f,is_complete=false,2026-07-28 19:35:20.143516+08
31670,25895716,dr-clef-s-proposal,partial,159,160,141,142,f,去重后条数 160 ≠ claimed_total 159,2026-07-28 19:35:20.360887+08
31674,1174014773,dr-hormress,partial,463,459,-385,-381,f,is_complete=false,2026-07-28 19:35:20.449778+08
31693,1306897081,end-of-light,partial,209,208,205,204,f,is_complete=false,2026-07-28 19:35:21.214688+08
31708,84399562,extinction-and-revival-of-the-magic,partial,156,155,140,139,f,is_complete=false,2026-07-28 19:35:22.205199+08
31713,107866956,falling-into-stars,partial,783,782,769,768,f,is_complete=false,2026-07-28 19:35:29.21564+08
31724,1158974505,fishbonefishbone,partial,149,148,143,144,f,is_complete=false,2026-07-28 19:35:29.853306+08
31734,755521267,foundation-political-jokes,partial,1100,1099,1062,1061,f,is_complete=false,2026-07-28 19:35:30.331826+08
31735,755521269,foundation-political-jokes-2,partial,533,532,529,528,f,is_complete=false,2026-07-28 19:35:30.405438+08
31746,444698621,fragment:the-dragon-lord,partial,152,151,74,75,f,is_complete=false,2026-07-28 19:35:30.751341+08
31748,56281386,freedomkoo-s-proposal,partial,488,486,438,436,f,is_complete=false,2026-07-28 19:35:30.813484+08
31749,95653872,free-wifi,partial,414,413,410,409,f,is_complete=false,2026-07-28 19:35:30.859468+08
31764,999778657,gallery-writing,partial,54,53,54,53,f,is_complete=false,2026-07-28 19:35:37.705038+08
31767,1453498794,gao-kao-zuo-wen-pao-ti,partial,236,235,134,133,f,is_complete=false,2026-07-28 19:35:37.806286+08
31770,104796742,gec-hub-page,partial,485,484,469,468,f,is_complete=false,2026-07-28 19:35:37.824986+08
31774,1174029291,ghost-in-the-scarlet-sheep,partial,154,153,132,131,f,is_complete=false,2026-07-28 19:35:38.074214+08
31777,47945467,goc-hub-page,partial,75,74,75,74,f,is_complete=false,2026-07-28 19:35:38.261113+08
31778,48696830,goc-supplemental-equipment,partial,33,32,31,30,f,is_complete=false,2026-07-28 19:35:38.271545+08
31815,1445542586,happynewyearoftherabbit,partial,137,136,137,136,f,is_complete=false,2026-07-28 19:35:46.624932+08
31831,1402999134,helpme,partial,188,187,144,143,f,is_complete=false,2026-07-28 19:35:47.476995+08
31840,1420883214,how-not-to-screw-yourself-in-the-scp-foundation,partial,182,181,164,163,f,is_complete=false,2026-07-28 19:35:47.756845+08
31865,82117819,immortal,partial,694,693,672,671,f,is_complete=false,2026-07-28 19:35:56.375168+08
31870,1312343612,insect,partial,356,355,292,293,f,is_complete=false,2026-07-28 19:35:56.560545+08
31881,1138216730,jack-bright-resting-at-last,partial,942,941,920,919,f,is_complete=false,2026-07-28 19:35:57.152288+08
31906,1420839705,k-e,partial,26,25,26,25,f,is_complete=false,2026-07-28 19:35:58.154914+08
31909,1458329942,kill-d-class,partial,1127,1128,1045,1046,f,去重后条数 1128 ≠ claimed_total 1127,2026-07-28 19:35:58.28177+08
31911,1260765468,kill-that-foundation-man,partial,747,747,683,683,t,is_complete=false,2026-07-28 19:35:58.295082+08
31917,350904805,knockin-on-the-gate-guardian-s-door,partial,206,205,196,195,f,is_complete=false,2026-07-28 19:36:04.949835+08
31928,598252218,last-order,partial,845,844,827,826,f,is_complete=false,2026-07-28 19:36:05.553314+08
31933,1402058756,level-c-104,partial,155,154,129,128,f,is_complete=false,2026-07-28 19:36:05.748087+08
31949,1026123959,log-of-anomalous-items-cn:00098,partial,340,338,328,326,f,is_complete=false,2026-07-28 19:36:06.235398+08
31957,1133619863,log-of-anomalous-items-cn:00226,partial,139,137,137,135,f,is_complete=false,2026-07-28 19:36:06.296347+08
31962,1306651824,log-of-anomalous-items-cn:00533,partial,262,261,230,229,f,is_complete=false,2026-07-28 19:36:15.793639+08
31963,1306699507,log-of-anomalous-items-cn:00536,partial,119,118,95,94,f,is_complete=false,2026-07-28 19:36:15.7999+08
31965,1445552347,mcf-goc-self-rescue-guide,partial,426,425,386,385,f,is_complete=false,2026-07-28 19:36:15.801743+08
31967,21681109,members-pages-cn,partial,52,51,50,49,f,is_complete=false,2026-07-28 19:36:15.866788+08
31978,858423318,loyal-forever,partial,366,365,342,341,f,is_complete=false,2026-07-28 19:36:16.369339+08
31985,16247135,main,partial,3490,3486,3174,3170,f,is_complete=false,2026-07-28 19:36:16.757509+08
31989,1453498769,maybe-artwork-im-not-sure,partial,321,320,161,160,f,is_complete=false,2026-07-28 19:36:16.966235+08
32012,71534515,moyo-s-personnel-file,partial,298,297,-214,-213,f,is_complete=false,2026-07-28 19:36:25.367345+08
32043,102128085,ninth-s-proposal,partial,315,314,225,224,f,is_complete=false,2026-07-28 19:36:27.119847+08
32047,1142366068,no-answer,partial,106,105,48,47,f,is_complete=false,2026-07-28 19:36:27.2922+08
32053,1460068366,no-offset,partial,1247,1247,1223,1223,t,is_complete=false,2026-07-28 19:36:27.449505+08
32087,50443718,panghuang,partial,420,418,404,402,f,is_complete=false,2026-07-28 19:36:36.177236+08
32091,1456320862,past-whisper,partial,168,167,144,143,f,is_complete=false,2026-07-28 19:36:36.401292+08
32106,919170957,play-class-d,partial,745,742,727,724,f,is_complete=false,2026-07-28 19:36:37.238583+08
32126,758818080,rating-against-traditions,partial,520,519,480,479,f,is_complete=false,2026-07-28 19:36:45.37862+08
32128,986542262,reality-cat-5h8m5-312df-13src,partial,410,409,392,391,f,is_complete=false,2026-07-28 19:36:45.446108+08
32129,52891799,reality-kondraki,partial,131,130,107,106,f,is_complete=false,2026-07-28 19:36:45.450216+08
32140,802243869,rhodes-island-operators-database,partial,323,322,233,232,f,is_complete=false,2026-07-28 19:36:45.989556+08
32147,1459712053,runrunrun,partial,471,470,461,460,f,is_complete=false,2026-07-28 19:36:46.26132+08
32164,26005178,scp-002,partial,202,201,192,191,f,is_complete=false,2026-07-28 19:36:56.881513+08
32169,28985905,scp-048,partial,185,186,179,180,f,去重后条数 186 ≠ claimed_total 185,2026-07-28 19:36:57.021171+08
32185,24203721,scp-173,partial,2683,2680,2655,2652,f,is_complete=false,2026-07-28 19:36:57.498419+08
32188,1429122116,scp-173-but-it-s-a-collaborative-log-cn,partial,179,178,173,172,f,is_complete=false,2026-07-28 19:36:57.614682+08
32189,52951498,scp-1762,partial,304,303,302,301,f,is_complete=false,2026-07-28 19:36:57.640587+08
32199,32479503,scp-2662,partial,176,175,176,175,f,is_complete=false,2026-07-28 19:36:57.920513+08
32203,29078736,scp-294,partial,148,147,148,147,f,is_complete=false,2026-07-28 19:36:58.01502+08
32205,48958345,scp-3000,partial,406,407,398,399,f,去重后条数 407 ≠ claimed_total 406,2026-07-28 19:36:58.070613+08
32216,31933285,scp-326,partial,325,324,-213,-212,f,is_complete=false,2026-07-28 19:37:06.383557+08
32224,51775698,scp-3999,partial,2008,2007,1964,1963,f,is_complete=false,2026-07-28 19:37:06.857881+08
32228,860298115,scp-4098,partial,234,233,234,233,f,is_complete=false,2026-07-28 19:37:07.009334+08
32230,606574136,scp-4205,partial,211,210,207,206,f,is_complete=false,2026-07-28 19:37:07.044827+08
32236,1311744912,scp-5000,partial,1016,1016,1004,1004,t,is_complete=false,2026-07-28 19:37:07.189148+08
32252,27570396,scp-682,partial,403,401,379,377,f,is_complete=false,2026-07-28 19:37:07.771204+08
32264,31637087,scp-914,partial,249,248,247,246,f,is_complete=false,2026-07-28 19:37:08.219636+08
32269,1447458998,scp-cn-001-ex,partial,308,307,296,295,f,is_complete=false,2026-07-28 19:37:16.748003+08
32271,87361113,scp-cn-001-j-7s,partial,204,203,176,175,f,is_complete=false,2026-07-28 19:37:16.852468+08
32273,104531730,scp-cn-002-j,partial,313,312,295,294,f,is_complete=false,2026-07-28 19:37:16.874562+08
32275,386387438,scp-cn-003-j,partial,164,163,148,147,f,is_complete=false,2026-07-28 19:37:16.920266+08
32283,47065060,scp-cn-007,partial,159,158,151,150,f,is_complete=false,2026-07-28 19:37:17.140805+08
32301,26438481,scp-cn-033,partial,952,951,926,925,f,is_complete=false,2026-07-28 19:37:17.549543+08
32314,47319377,scp-cn-059,partial,783,782,739,738,f,is_complete=false,2026-07-28 19:37:17.785436+08
32317,51454947,scp-cn-066,partial,1744,1741,1668,1665,f,is_complete=false,2026-07-28 19:37:26.320924+08
32335,272872280,scp-cn-1001,partial,1034,1032,882,880,f,is_complete=false,2026-07-28 19:37:26.929428+08
32354,383975757,scp-cn-1050,partial,247,246,209,208,f,is_complete=false,2026-07-28 19:37:27.680752+08
32368,915924427,scp-cn-1109,partial,3690,3689,3516,3515,f,is_complete=false,2026-07-28 19:37:37.304904+08
32370,310840934,scp-cn-1111,partial,785,784,759,758,f,is_complete=false,2026-07-28 19:37:37.513997+08
32392,269571910,scp-cn-1218,partial,119,118,61,60,f,is_complete=false,2026-07-28 19:37:38.56092+08
32402,1020050924,scp-cn-1265,partial,121,120,79,78,f,is_complete=false,2026-07-28 19:37:38.697338+08
32408,1268685103,scp-cn-1353,partial,559,558,547,546,f,is_complete=false,2026-07-28 19:37:38.845368+08
32418,853784862,scp-cn-1466,partial,550,549,528,527,f,is_complete=false,2026-07-28 19:37:46.565472+08
32425,47723179,scp-cn-152-ex,partial,174,173,166,165,f,is_complete=false,2026-07-28 19:37:47.1198+08
32426,598169010,scp-cn-1548,partial,112,111,92,91,f,is_complete=false,2026-07-28 19:37:47.138406+08
32427,1035036156,scp-cn-1559,partial,2102,2102,2058,2058,t,is_complete=false,2026-07-28 19:37:47.154016+08
32441,496223854,scp-cn-1700,partial,134,133,112,111,f,is_complete=false,2026-07-28 19:37:47.823205+08
32446,377422997,scp-cn-1730,partial,152,151,128,127,f,is_complete=false,2026-07-28 19:37:47.978215+08
32451,986670983,scp-cn-1770,partial,81,80,69,68,f,is_complete=false,2026-07-28 19:37:48.100571+08
32477,1002218511,scp-cn-1987,partial,305,305,157,155,f,is_complete=false,2026-07-28 19:38:04.562958+08
32480,1306424960,scp-cn-1996,partial,145,144,127,126,f,is_complete=false,2026-07-28 19:38:04.610285+08
32483,298824867,scp-cn-1999,partial,990,989,950,949,f,is_complete=false,2026-07-28 19:38:04.676408+08
32484,1306943399,scp-cn-2000,partial,5580,5579,5370,5369,f,is_complete=false,2026-07-28 19:38:04.772975+08
32485,1306547851,scpcn2000contesthub,partial,184,183,180,179,f,is_complete=false,2026-07-28 19:38:04.785343+08
32486,44842459,scp-cn-2000-j,partial,803,802,735,734,f,is_complete=false,2026-07-28 19:38:04.804394+08
32514,1308434499,scp-cn-2111,partial,723,722,659,658,f,is_complete=false,2026-07-28 19:38:06.047795+08
32543,1306973472,scp-cn-2317,partial,463,462,433,432,f,is_complete=false,2026-07-28 19:38:16.308988+08
32547,1402899251,scp-cn-2346,partial,127,126,103,102,f,is_complete=false,2026-07-28 19:38:16.393068+08
32559,1306946090,scp-cn-2444,partial,106,105,98,97,f,is_complete=false,2026-07-28 19:38:16.760776+08
32565,1323993094,scp-cn-2470,partial,475,474,451,450,f,is_complete=false,2026-07-28 19:38:16.910505+08
32567,1306910655,scp-cn-2500,partial,446,444,406,404,f,is_complete=false,2026-07-28 19:38:28.948548+08
32571,1306910659,scp-cn-2510,partial,820,819,728,725,f,is_complete=false,2026-07-28 19:38:29.055689+08
32577,1312016879,scp-cn-2684,partial,130,129,54,53,f,is_complete=false,2026-07-28 19:38:29.362117+08
32584,1435911521,scp-cn-2760,partial,277,276,271,270,f,is_complete=false,2026-07-28 19:38:29.678567+08
32599,1306959599,scp-cn-2879,partial,407,405,341,339,f,is_complete=false,2026-07-28 19:38:30.124816+08
32616,1330798087,scp-cn-2984,partial,176,175,142,141,f,is_complete=false,2026-07-28 19:38:42.772113+08
32622,1306910607,scp-cn-2999,partial,2722,2719,2652,2649,f,is_complete=false,2026-07-28 19:38:42.85715+08
32626,1451990493,scp-cn-3001,partial,1092,1093,1004,1005,f,去重后条数 1093 ≠ claimed_total 1092,2026-07-28 19:38:43.091829+08
32643,1456523385,scp-cn-3077,partial,198,197,84,83,f,is_complete=false,2026-07-28 19:38:44.463509+08
32647,1452016610,scp-cn-3100,partial,375,374,239,240,f,is_complete=false,2026-07-28 19:38:44.578884+08
32686,1457927389,scp-cn-3612,partial,758,757,730,729,f,is_complete=false,2026-07-28 19:38:56.506863+08
32701,1459763043,scp-cn-3819,partial,1026,1027,970,971,f,is_complete=false,2026-07-28 19:38:57.324729+08
32706,1459767390,scp-cn-3907,partial,432,431,412,411,f,is_complete=false,2026-07-28 19:38:57.611825+08
32710,1456956899,scp-cn-3969,partial,932,931,888,887,f,is_complete=false,2026-07-28 19:38:57.794424+08
32712,1453838973,scp-cn-3989,partial,149,148,135,134,f,is_complete=false,2026-07-28 19:38:57.857937+08
32717,1451990501,scp-cn-3999,partial,1633,1631,1493,1491,f,is_complete=false,2026-07-28 19:39:07.904042+08
32719,1305024688,scp-cn-400,partial,139,135,113,113,t,is_complete=false,2026-07-28 19:39:07.906782+08
32734,60383129,scp-cn-463,partial,743,743,289,289,t,is_complete=false,2026-07-28 19:39:08.579313+08
32744,26858290,scp-cn-510,partial,237,236,209,208,f,is_complete=false,2026-07-28 19:39:08.921451+08
32762,107315583,scp-cn-647,partial,865,864,809,808,f,is_complete=false,2026-07-28 19:39:09.26497+08
32763,120693103,scp-cn-648-j,partial,1369,1366,1293,1290,f,is_complete=false,2026-07-28 19:39:09.286135+08
32776,93608828,scp-cn-698,partial,261,260,243,242,f,is_complete=false,2026-07-28 19:39:29.620815+08
32789,706086481,scp-cn-797,partial,416,414,406,404,f,is_complete=false,2026-07-28 19:39:30.137001+08
32796,92267533,scp-cn-858,partial,411,410,399,398,f,is_complete=false,2026-07-28 19:39:30.356741+08
32800,115324604,scp-cn-888-j,partial,640,639,580,579,f,is_complete=false,2026-07-28 19:39:30.42331+08
32806,92168005,scp-cn-929,partial,221,220,25,24,f,is_complete=false,2026-07-28 19:39:30.506214+08
32808,53188006,scp-cn-963-j,partial,4727,4725,4443,4441,f,is_complete=false,2026-07-28 19:39:30.526647+08
32810,65307536,scp-cn-968,partial,377,376,293,292,f,is_complete=false,2026-07-28 19:39:30.554373+08
32815,45741854,scp-cn-985,partial,1364,1363,1288,1287,f,is_complete=false,2026-07-28 19:39:30.618132+08
32816,80454353,scp-cn-988,partial,474,473,384,383,f,is_complete=false,2026-07-28 19:39:30.623487+08
32826,493982623,scp-containment-breach-secondly,partial,3709,3707,3453,3451,f,is_complete=false,2026-07-28 19:39:39.24234+08
32849,101706680,scp-series-5,partial,32,31,32,31,f,is_complete=false,2026-07-28 19:39:40.348117+08
32883,1459764698,shujia-bigtalk,partial,139,138,125,124,f,is_complete=false,2026-07-28 19:39:48.452484+08
32907,1260807885,site-cn-82-2020,partial,105,104,95,94,f,is_complete=false,2026-07-28 19:39:49.760504+08
32913,436960356,snow-art,partial,91,90,85,84,f,is_complete=false,2026-07-28 19:39:49.989247+08
32916,1449390943,song-of-people-song-of-liberation-army,partial,117,116,73,72,f,is_complete=false,2026-07-28 19:39:50.080951+08
32929,1308470222,statement-on-disabling-offset,partial,4649,4645,-4447,-4443,f,is_complete=false,2026-07-28 19:40:05.554761+08
32943,92744117,taboo,partial,301,300,275,274,f,is_complete=false,2026-07-28 19:40:06.074355+08
32960,1454062924,thecabininthewoods,partial,364,363,316,315,f,is_complete=false,2026-07-28 19:40:06.8354+08
32962,687000119,the-day-of-flowers-and-resurrection-through-death,partial,141,140,137,136,f,is_complete=false,2026-07-28 19:40:06.902449+08
32965,639396594,the-death-of-plague-doctor,partial,361,360,325,324,f,is_complete=false,2026-07-28 19:40:06.944503+08
32967,1437616695,the-foundation-dissolved,partial,157,156,69,70,f,is_complete=false,2026-07-28 19:40:13.229101+08
32985,1459958798,the-lord-of-jambudvipa,partial,164,163,150,149,f,is_complete=false,2026-07-28 19:40:14.309908+08
32993,1331453288,there-is-always-a-last-time-for-everything,partial,289,288,285,284,f,is_complete=false,2026-07-28 19:40:14.619215+08
33013,1312394272,time-is-a-place,partial,236,235,212,211,f,is_complete=false,2026-07-28 19:40:15.210578+08
33037,1448548297,upvote-for-who-hub,partial,251,250,245,244,f,is_complete=false,2026-07-28 19:40:22.594631+08
33039,47177452,v2-1,partial,745,744,723,722,f,is_complete=false,2026-07-28 19:40:22.635377+08
33055,1436601856,wanderers:conic-section-damn,partial,760,758,730,730,t,is_complete=false,2026-07-28 19:40:22.944269+08
33057,1459863732,wanderers:dawnwell,partial,397,396,395,394,f,is_complete=false,2026-07-28 19:40:23.005007+08
33070,1455880595,wanderers:how-to-read-this-word,partial,157,156,145,144,f,is_complete=false,2026-07-28 19:40:29.998358+08
33072,194193652,wanderers:in-coffin,partial,253,252,239,238,f,is_complete=false,2026-07-28 19:40:30.160583+08
33099,1457022832,wanderers:the-child-seeking-water,partial,115,114,113,112,f,is_complete=false,2026-07-28 19:40:31.258355+08
33118,598282086,wandering-fleet,partial,193,191,179,177,f,is_complete=false,2026-07-28 19:40:39.368445+08
33120,1331400439,weapons-and-equipments-list,partial,574,572,570,568,f,is_complete=false,2026-07-28 19:40:39.369601+08
33132,1453108842,whereishome,partial,845,844,703,704,f,is_complete=false,2026-07-28 19:40:39.881238+08
33146,46762058,wontoninsurgency,partial,1627,1626,1589,1588,f,is_complete=false,2026-07-28 19:40:40.556204+08
33152,1453909385,wu-yu,partial,177,176,159,158,f,is_complete=false,2026-07-28 19:40:40.726274+08
33161,855796260,yanwangye,partial,371,370,353,352,f,is_complete=false,2026-07-28 19:40:40.985866+08
33190,1459913219,114514leitra,partial,81,80,75,74,f,is_complete=false,2026-07-28 19:40:49.028385+08
33191,986326572,2019scp-cn-report,partial,123,122,123,122,f,is_complete=false,2026-07-28 19:40:49.040079+08
33195,1331504663,2521-escaped,partial,1586,1585,1558,1557,f,is_complete=false,2026-07-28 19:40:49.147181+08
33196,1453256722,29-ways-to-summon,partial,535,534,527,526,f,is_complete=false,2026-07-28 19:40:49.151284+08
33199,1445634175,a120-suicide-guide,partial,391,390,303,304,f,is_complete=false,2026-07-28 19:40:49.268595+08
33217,1452311024,aegnus,partial,61,60,53,54,f,is_complete=false,2026-07-28 19:40:54.292673+08
33381,1460211716,semimonth-202508-02,partial,74,73,72,71,f,is_complete=false,2026-07-28 19:41:04.783742+08
33385,1460210919,kern-art-mech-n-meat,partial,52,51,52,51,f,is_complete=false,2026-07-28 19:41:04.907931+08
33568,1460392278,chengwu,partial,21,20,5,4,f,is_complete=false,2026-07-28 19:41:14.511965+08
33892,1460471651,scp-resource-assessment-system,partial,55,54,47,46,f,is_complete=false,2026-07-28 19:41:36.957794+08
34127,1460505773,wanderers:but-the-fish-king,partial,55,54,47,46,f,is_complete=false,2026-07-28 19:41:48.720494+08
101142,1466587102,scp-9330,partial,5,4,5,4,f,is_complete=false,2026-07-28 19:42:21.46408+08
101440,1467231943,scp-cn-4004,partial,496,496,450,450,t,is_complete=false,2026-07-28 19:42:48.350379+08
101601,1467367021,scp-cn-4399,partial,507,506,403,402,f,is_complete=false,2026-07-28 19:43:02.25553+08
101617,1467405530,scp-cn-3301-art,partial,80,79,80,79,f,is_complete=false,2026-07-28 19:43:02.330178+08
101868,1467940271,ai-and-ai,partial,31,30,29,28,f,is_complete=false,2026-07-28 19:43:16.172691+08
102253,1468045804,scp-cn-4830,partial,48,49,32,33,f,去重后条数 49 ≠ claimed_total 48,2026-07-28 19:43:35.389833+08
102321,1468062039,potato-server-hub,partial,103,102,29,30,f,is_complete=false,2026-07-28 19:43:39.769676+08
102379,1468073542,a-story-of-qiudiange,partial,23,24,15,16,f,去重后条数 24 ≠ claimed_total 23,2026-07-28 19:43:43.88028+08
102750,1468134607,semimonth-202602-01,partial,66,65,66,65,f,is_complete=false,2026-07-28 19:44:02.612231+08
102786,1468138108,revolving-stars,partial,52,51,44,43,f,is_complete=false,2026-07-28 19:44:07.389497+08
102891,1468149101,the-diminishing-tide,partial,29,28,23,22,f,is_complete=false,2026-07-28 19:44:13.008462+08
102901,1468151662,proceed-as-planned,partial,65,64,47,48,f,is_complete=false,2026-07-28 19:44:13.143266+08
102915,1468153347,next-generation-hub,partial,128,127,124,123,f,is_complete=false,2026-07-28 19:44:13.296146+08
102951,1468158228,linnanshiji,partial,207,206,145,144,f,is_complete=false,2026-07-28 19:44:17.489953+08
102996,1468165265,justvektor-strikes-again,partial,58,57,54,53,f,is_complete=false,2026-07-28 19:44:18.394508+08
103062,1468180147,redflylovestory,partial,42,41,38,37,f,is_complete=false,2026-07-28 19:44:26.454297+08
103063,1468180283,uiuxh,partial,77,76,59,58,f,is_complete=false,2026-07-28 19:44:26.465401+08
103326,1468227629,game-over-xylynn-qwrvyn,partial,52,51,52,51,f,is_complete=false,2026-07-28 19:44:41.023983+08
104112,1468422240,snow-cabin-and-simo,partial,96,95,96,95,f,is_complete=false,2026-07-28 19:45:22.079807+08
104314,1468496254,sacabamkyogre,partial,77,76,77,76,f,is_complete=false,2026-07-28 19:45:34.898104+08
104523,1468572333,agent-asriel-great-man,partial,90,89,90,89,f,is_complete=false,2026-07-28 19:45:47.647163+08
104858,1468615559,fraud-gang,partial,106,105,62,61,f,is_complete=false,2026-07-28 19:46:06.175441+08
105170,1468689596,scp-cn-4314,partial,18,17,18,17,f,is_complete=false,2026-07-28 19:46:24.719287+08
105339,1468786782,semimonth-202605-02,partial,113,112,113,112,f,is_complete=false,2026-07-28 19:46:38.065526+08
105417,1468812077,wanderers:i-love-you,partial,63,62,61,60,f,is_complete=false,2026-07-28 19:46:42.72171+08
106013,1468933181,scp-cn-4459,partial,57,55,45,45,t,is_complete=false,2026-07-28 19:47:12.728013+08
106044,1468937542,ethanpanauthor,partial,71,70,71,70,f,is_complete=false,2026-07-28 19:47:13.028962+08
106405,1468984196,e-m-o-enthusiasm,partial,63,62,61,60,f,is_complete=false,2026-07-28 19:47:32.937283+08
106782,1469050665,scp-cn-4272,partial,46,47,42,43,f,去重后条数 47 ≠ claimed_total 46,2026-07-28 19:47:50.005584+08
106788,1469051766,anna-speech,partial,48,49,42,43,f,去重后条数 49 ≠ claimed_total 48,2026-07-28 19:47:50.045539+08
106812,1469057226,mortal-emulator-vam-mid,partial,42,45,42,45,f,去重后条数 45 ≠ claimed_total 42,2026-07-28 19:47:52.071887+08
